[{
  "_id": {
    "$oid": "6404634925208ebd7ee888da"
  },
  "rno": 101,
  "type": "normal",
  "beds": 2,
  "sdate": {
    "$date": "2016-10-15T00:05:32Z"
  },
  "edate": {
    "$date": "2016-10-18T01:02:35Z"
  },
  "__v": 0
},{
  "_id": {
    "$oid": "6404639b25208ebd7ee888dc"
  },
  "rno": 105,
  "type": "normal",
  "beds": 2,
  "sdate": {
    "$date": "2017-11-05T01:02:35Z"
  },
  "edate": {
    "$date": "2017-11-08T00:05:32Z"
  },
  "__v": 0
},{
  "_id": {
    "$oid": "64046465cae3ef0398fd2829"
  },
  "rno": 203,
  "type": "deluxe",
  "beds": 2,
  "sdate": {
    "$date": "2018-01-01T02:45:33Z"
  },
  "edate": {
    "$date": "2018-01-04T00:05:32Z"
  },
  "__v": 0
},{
  "_id": {
    "$oid": "6404646bcae3ef0398fd282b"
  },
  "rno": 204,
  "type": "suite",
  "beds": 2,
  "sdate": {
    "$date": "2018-01-04T01:02:35Z"
  },
  "edate": {
    "$date": "2018-01-09T20:00:11Z"
  },
  "__v": 0
}]