[{
  "_id": {
    "$oid": "6404be418f5c41898ed0dbca"
  },
  "type": "normal",
  "sdate": {
    "$date": "2018-01-04T01:02:35Z"
  },
  "edate": {
    "$date": "2018-01-08T01:02:35Z"
  },
  "__v": 0,
  "adults": 2,
  "children": 0
},{
  "_id": {
    "$oid": "6404bea58f5c41898ed0dbcc"
  },
  "type": "normal",
  "sdate": {
    "$date": "2018-01-12T03:10:15Z"
  },
  "edate": {
    "$date": "2018-01-14T04:00:00Z"
  },
  "__v": 0,
  "adults": 2,
  "children": 0
},{
  "_id": {
    "$oid": "6404befa8f5c41898ed0dbce"
  },
  "type": "normal",
  "sdate": {
    "$date": "2018-02-14T05:00:15Z"
  },
  "edate": {
    "$date": "2018-02-17T03:45:30Z"
  },
  "__v": 0,
  "adults": 2,
  "children": 0
},{
  "_id": {
    "$oid": "6404bf3e8f5c41898ed0dbd0"
  },
  "type": "normal",
  "sdate": {
    "$date": "2018-02-16T03:45:30Z"
  },
  "edate": {
    "$date": "2018-02-21T05:00:15Z"
  },
  "__v": 0,
  "adults": 2,
  "children": 0
},{
  "_id": {
    "$oid": "6404bf5b8f5c41898ed0dbd2"
  },
  "type": "deluxe",
  "sdate": {
    "$date": "2018-02-16T03:45:30Z"
  },
  "edate": {
    "$date": "2018-02-21T05:00:15Z"
  },
  "__v": 0,
  "adults": 2,
  "children": 1
},{
  "_id": {
    "$oid": "6404bf7f8f5c41898ed0dbd4"
  },
  "type": "deluxe",
  "sdate": {
    "$date": "2018-03-14T05:00:15Z"
  },
  "edate": {
    "$date": "2018-03-17T04:00:00Z"
  },
  "__v": 0,
  "adults": 2,
  "children": 1
},{
  "_id": {
    "$oid": "6404bfbe8f5c41898ed0dbd6"
  },
  "type": "deluxe",
  "sdate": {
    "$date": "2018-01-26T05:00:00Z"
  },
  "edate": {
    "$date": "2018-01-31T05:00:00Z"
  },
  "__v": 0,
  "adults": 2,
  "children": 1
},{
  "_id": {
    "$oid": "6404bff28f5c41898ed0dbd8"
  },
  "type": "suite",
  "sdate": {
    "$date": "2018-02-26T03:00:00Z"
  },
  "edate": {
    "$date": "2018-02-28T02:00:00Z"
  },
  "__v": 0,
  "adults": 4,
  "children": 0
},{
  "_id": {
    "$oid": "6404c00d8f5c41898ed0dbda"
  },
  "type": "suite",
  "sdate": {
    "$date": "2018-03-14T02:30:00Z"
  },
  "edate": {
    "$date": "2018-03-19T04:00:00Z"
  },
  "__v": 0,
  "adults": 4,
  "children": 0
}]